{
  "schema_version": 1,
  "feature_order": [
    "theta",
    "alpha",
    "beta",
    "theta_beta",
    "theta_alpha_beta"
  ],
  "label_mapping": {
    "focus": 0,
    "distraction": 1
  },
  "transition_guard_seconds": 5.0,
  "raw_clip_quantiles": [
    0.01,
    0.99
  ],
  "raw_clip_lower": [
    0.007960119284689426,
    0.009099829941987991,
    0.1557495892047882,
    0.013849273324012756,
    0.037021853029727936
  ],
  "raw_clip_upper": [
    0.13784420490264893,
    0.06904957443475723,
    0.6454218626022339,
    0.7130458950996399,
    0.8663539290428162
  ],
  "log1p_features": [
    "theta_beta",
    "theta_alpha_beta"
  ],
  "mean_after_clip_and_log": [
    0.0348714180290699,
    0.02834681048989296,
    0.43681392073631287,
    0.09022358059883118,
    0.15026667714118958
  ],
  "std_after_clip_and_log": [
    0.023447947576642036,
    0.011946693062782288,
    0.10811690241098404,
    0.09017051756381989,
    0.10274484753608704
  ],
  "distraction_probability_threshold": 0.555
}