{
  "schema_version": 1,
  "feature_order": [
    "theta",
    "alpha",
    "beta",
    "theta_beta",
    "theta_alpha_beta"
  ],
  "label_mapping": {
    "focus": 0,
    "distraction": 1
  },
  "transition_guard_seconds": 5.0,
  "raw_clip_quantiles": [
    0.01,
    0.99
  ],
  "raw_clip_lower": [
    0.023616360500454903,
    0.009612297639250755,
    0.04295479506254196,
    0.06441261619329453,
    0.12765970826148987
  ],
  "raw_clip_upper": [
    0.24959507584571838,
    0.11170031875371933,
    0.5019264817237854,
    2.0294718742370605,
    2.4508066177368164
  ],
  "log1p_features": [
    "theta_beta",
    "theta_alpha_beta"
  ],
  "mean_after_clip_and_log": [
    0.08588436245918274,
    0.040582120418548584,
    0.23704485595226288,
    0.37061038613319397,
    0.49394068121910095
  ],
  "std_after_clip_and_log": [
    0.041959941387176514,
    0.019923478364944458,
    0.10711170732975006,
    0.23202170431613922,
    0.2477421760559082
  ],
  "distraction_probability_threshold": 0.605
}